Il,Ilce,Latitude,Longitude
Adana,Seyhan,36.9674013,35.2587964
Adana,Ceyhan,37.028765,35.8124309
Adana,Feke,37.814467,35.910391
Adana,Karaisalı,37.2758825,35.1268781
Adana,Karataş,36.6649776,35.2587964
Adana,Kozan,37.452122,35.819273
Adana,Pozantı,37.425584,34.873613
Adana,Saimbeyli,37.98609,36.089587
Adana,Tufanbeyli,38.26253700000001,36.220484
Adana,Yumurtalık,36.767439,35.7299549
Adana,Yüreğir,36.83214,35.4343604
Adana,Aladağ,37.545348,35.394608
Adana,İmamoğlu,37.287259,35.5876697
Adana,Sarıçam,37.1034441,35.5220012
Adana,Çukurova,37.0840599,35.1928634
Adıyaman,Adıyaman Merkez,37.78664270000001,38.2322028
Adıyaman,Besni,37.6933587,37.8608708
Adıyaman,Çelikhan,38.03307,38.237197
Adıyaman,Gerger,38.028856,39.0322699
Adıyaman,Gölbaşı / Adıyaman,37.7708763,37.5960704
Adıyaman,Kahta,37.786899,38.619005
Adıyaman,Samsat,37.579209,38.482441
Adıyaman,Sincik,38.032169,38.631121
Adıyaman,Tut,37.7998629,37.9572703
Afyonkarahisar,Afyonkarahisar Merkez,38.740978,30.5739579
Afyonkarahisar,Bolvadin,38.71259999999999,31.0484
Afyonkarahisar,Çay,38.5922569,31.026043
Afyonkarahisar,Dazkırı,37.9199,29.8601
Afyonkarahisar,Dinar,38.1312284,30.29741989999999
Afyonkarahisar,Emirdağ,39.0202,31.151
Afyonkarahisar,İhsaniye,39.031881,30.416788
Afyonkarahisar,Sandıklı,38.465179,30.272628
Afyonkarahisar,Sinanpaşa,38.742188,30.24481
Afyonkarahisar,Sultandağı,38.531637,31.229912
Afyonkarahisar,Şuhut,38.532897,30.544417
Afyonkarahisar,Başmakçı,37.898784,30.009285
Afyonkarahisar,Bayat / Afyonkarahisar,38.984257,30.923901
Afyonkarahisar,İscehisar,38.861286,30.749196
Afyonkarahisar,Çobanlar,38.7247249,30.8269231
Afyonkarahisar,Evciler,38.04183099999999,29.885836
Afyonkarahisar,Hocalar,38.576673,29.969668
Afyonkarahisar,Kızılören,38.2600511,30.182022
Ağrı,Ağrı Merkez,39.7928954,43.1795757
Ağrı,Diyadin,39.5401,43.6773
Ağrı,Doğubayazıt,39.54707399999999,44.06877799999999
Ağrı,Eleşkirt,39.8014,42.6768
Ağrı,Hamur,39.4672359,43.1108921
Ağrı,Patnos,39.1407629,42.8803468
Ağrı,Taşlıçay,39.63608,43.381033
Ağrı,Tutak,39.5422,42.7718
Amasya,Amasya Merkez,40.5691446,35.9208448
Amasya,Göynücek,40.397399,35.524242
Amasya,Gümüşhacıköy,40.873622,35.2159369
Amasya,Merzifon,40.87477,35.461753
Amasya,Suluova,40.836475,35.645599
Amasya,Taşova,40.760551,36.322542
Amasya,Hamamözü,40.782672,35.023334
Ankara,Altındağ,40.0092683,32.9833371
Ankara,Ayaş,40.0190344,32.3107517
Ankara,Bala,39.553374,33.123771
Ankara,Beypazarı,40.168218,31.920441
Ankara,Çamlıdere,40.49162,32.476536
Ankara,Çankaya,39.8451842,32.9212265
Ankara,Çubuk,40.23874,33.032668
Ankara,Elmadağ,39.922129,33.226266
Ankara,Güdül,40.210512,32.24553
Ankara,Haymana,39.434232,32.495657
Ankara,Kalecik,40.1065309,33.411384
Ankara,Kızılcahamam,40.470348,32.650203
Ankara,Nallıhan,40.188868,31.350617
Ankara,Polatlı,39.6078234,32.0837445
Ankara,Şereflikoçhisar,38.93789,33.53916
Ankara,Yenimahalle,40.0129334,32.740723
Ankara,Gölbaşı / Ankara,39.79829300000001,32.805752
Ankara,Keçiören,40.0210623,32.831015
Ankara,Mamak,39.9124056,33.0563914
Ankara,Sincan,39.8544476,32.424074
Ankara,Kazan,40.205167,32.681182
Ankara,Akyurt,40.1329566,33.1145764
Ankara,Etimesgut,39.8346129,32.6051351
Ankara,Evren,39.020236,33.805793
Ankara,Pursaklar,40.038463,32.903356
Antalya,Akseki,37.045953,31.790369
Antalya,Alanya,36.544443,31.995408
Antalya,Elmalı,36.737838,29.916662
Antalya,Finike,36.297191,30.146037
Antalya,Gazipaşa,36.268562,32.314304
Antalya,Gündoğmuş,36.81494199999999,31.99895799999999
Antalya,Kaş,36.199913,29.63955
Antalya,Korkuteli,37.0978113,30.2512728
Antalya,Kumluca,36.366948,30.28576499999999
Antalya,Manavgat,36.786869,31.441282
Antalya,Serik,36.917399,31.10444699999999
Antalya,Demre,36.244444,29.987479
Antalya,İbradı,37.168457,31.4913182
Antalya,Kemer / Antalya,36.602792,30.559762
Antalya,Aksu / Antalya,36.9441406,30.8333348
Antalya,Döşemealtı,37.023026,30.60120899999999
Antalya,Kepez,37.0193119,30.73499499999999
Antalya,Konyaaltı,36.837532,30.4818446
Antalya,Muratpaşa,36.8827594,30.769476
Artvin,Ardanuç,41.123378,42.065529
Artvin,Arhavi,41.353055,41.308995
Artvin,Artvin Merkez,41.1662659,41.8416848
Artvin,Borçka,41.3637,41.6791
Artvin,Hopa,41.39461800000001,41.419843
Artvin,Şavşat,41.252757,42.354672
Artvin,Yusufeli,40.8106038,41.5270654
Artvin,Murgul,41.278487,41.562261
Aydın,Bozdoğan,37.672873,28.310157
Aydın,Çine,37.614081,28.06114
Aydın,Germencik,37.872648,27.601134
Aydın,Karacasu,37.729068,28.607231
Aydın,Koçarlı,37.762029,27.704495
Aydın,Kuşadası,37.857913,27.261015
Aydın,Kuyucak,37.913861,28.459786
Aydın,Nazilli,37.909777,28.324294
Aydın,Söke,37.75196100000001,27.405666
Aydın,Sultanhisar,37.88973300000001,28.154463
Aydın,Yenipazar / Aydın,37.823396,28.195679
Aydın,Buharkent,37.96390299999999,28.74296
Aydın,İncirliova,37.85378499999999,27.723424
Aydın,Karpuzlu,37.5754581,27.8076959
Aydın,Köşk,37.853694,28.052133
Aydın,Didim,37.37609399999999,27.264729
Aydın,Efeler,37.8380162,27.8455601
Balıkesir,Ayvalık,39.319185,26.692387
Balıkesir,Balya,39.749872,27.578821
Balıkesir,Bandırma,40.353707,27.971405
Balıkesir,Bigadiç,39.393883,28.131544
Balıkesir,Burhaniye,39.503055,26.980172
Balıkesir,Dursunbey,39.585671,28.627058
Balıkesir,Edremit / Balıkesir,39.6420639,26.9381434
Balıkesir,Erdek,40.39832,27.791673
Balıkesir,Gönen / Balıkesir,40.1116962,27.6434844
Balıkesir,Havran,39.55779,27.100236
Balıkesir,İvrindi,39.582007,27.485384
Balıkesir,Kepsut,39.6903999,28.152446
Balıkesir,Manyas,40.04740899999999,27.969529
Balıkesir,Savaştepe,39.38342400000001,27.6539
Balıkesir,Sındırgı,39.23884899999999,28.174979
Balıkesir,Susurluk,39.91391,28.156902
Balıkesir,Marmara,40.627782,27.6200138
Balıkesir,Gömeç,39.3909329,26.83996
Balıkesir,Altıeylül,39.5559032,27.8780275
Balıkesir,Karesi,39.7848385,27.8780275
Bilecik,Bilecik Merkez,40.1335256,29.9277947
Bilecik,Bozüyük,39.906058,30.039825
Bilecik,Gölpazarı,40.283617,30.315302
Bilecik,Osmaneli,40.3584,30.0134
Bilecik,Pazaryeri,39.995528,29.903447
Bilecik,Söğüt,40.0150999,30.1834
Bilecik,Yenipazar / Bilecik,40.2103964,30.5048792
Bilecik,İnhisar,40.04910599999999,30.385625
Bingöl,Bingöl Merkez,38.9667329,40.4544488
Bingöl,Genç,38.748405,40.553932
Bingöl,Karlıova,39.297996,41.014368
Bingöl,Kiğı,39.310059,40.349048
Bingöl,Solhan,38.967912,41.053772
Bingöl,Adaklı,39.2537081,40.5879039
Bingöl,Yayladere,39.227956,40.069078
Bingöl,Yedisu,39.433943,40.54529100000001
Bitlis,Adilcevaz,38.804925,42.736511
Bitlis,Ahlat,38.755285,42.487073
Bitlis,Bitlis Merkez,38.2904631,42.1216969
Bitlis,Hizan,38.225522,42.428113
Bitlis,Mutki,38.408588,41.92232
Bitlis,Tatvan,38.501998,42.281276
Bitlis,Güroymak,38.576434,42.02062
Bolu,Bolu Merkez,40.7652553,31.6880087
Bolu,Gerede,40.800325,32.193323
Bolu,Göynük,40.403205,30.78565
Bolu,Kıbrıscık,40.42382,31.954189
Bolu,Mengen,40.939139,32.073868
Bolu,Mudurnu,40.462581,31.211936
Bolu,Seben,40.411159,31.569864
Bolu,Dörtdivan,40.720766,32.062477
Bolu,Yeniçağa,40.771323,32.02994
Burdur,Ağlasun,37.649367,30.534
Burdur,Bucak,37.456548,30.589834
Burdur,Burdur Merkez,37.6165676,30.2051096
Burdur,Gölhisar,37.140808,29.507458
Burdur,Tefenni,37.3095,29.774715
Burdur,Yeşilova,37.506858,29.752902
Burdur,Karamanlı,37.372924,29.823857
Burdur,Kemer / Burdur,37.353319,30.061216
Burdur,Altınyayla / Burdur,36.997551,29.544615
Burdur,Çavdır,37.155145,29.689771
Burdur,Çeltikçi,37.5254462,30.45880589999999
Bursa,Gemlik,40.43181999999999,29.155416
Bursa,İnegöl,40.0800822,29.5096969
Bursa,İznik,40.429524,29.719743
Bursa,Karacabey,40.216037,28.359
Bursa,Keles,39.91288600000001,29.235896
Bursa,Mudanya,40.376973,28.883246
Bursa,Mustafakemalpaşa,40.0394409,28.405177
Bursa,Orhaneli,39.9037999,28.9907
Bursa,Orhangazi,40.4398853,29.3018011
Bursa,Yenişehir / Bursa,40.2867349,29.6499162
Bursa,Büyükorhan,39.773188,28.885377
Bursa,Harmancık,39.6634233,29.1158017
Bursa,Nilüfer,40.142458,28.8130675
Bursa,Osmangazi,40.1794309,29.0227159
Bursa,Yıldırım,40.1787113,29.1623231
Bursa,Gürsu,40.217894,29.19372
Bursa,Kestel,40.20095000000001,29.212532
Çanakkale,Ayvacık / Çanakkale,39.603753,26.401857
Çanakkale,Bayramiç,39.809523,26.612047
Çanakkale,Biga,40.226527,27.243625
Çanakkale,Bozcaada,39.8165627,26.0295671
Çanakkale,Çan,40.028167,27.046634
Çanakkale,Çanakkale Merkez,40.14671999999999,26.408587
Çanakkale,Eceabat,40.184286,26.359394
Çanakkale,Ezine,39.787126,26.335866
Çanakkale,Gelibolu,40.4139849,26.669997
Çanakkale,Gökçeada,40.1669236,25.839555
Çanakkale,Lapseki,40.345477,26.6843049
Çanakkale,Yenice / Çanakkale,39.929543,27.259331
Çankırı,Çankırı Merkez,40.51789309999999,33.7600452
Çankırı,Çerkeş,40.8113249,32.891128
Çankırı,Eldivan,40.528982,33.499665
Çankırı,Ilgaz,40.925238,33.627178
Çankırı,Kurşunlu,40.841299,33.26074699999999
Çankırı,Orta,40.625729,33.108365
Çankırı,Şabanözü,40.483164,33.2826639
Çankırı,Yapraklı,40.75705,33.778806
Çankırı,Atkaracalar,40.815512,33.075476
Çankırı,Kızılırmak,40.3759474,33.9624827
Çankırı,Bayramören,40.94300700000001,33.204037
Çankırı,Korgun,40.735881,33.518192
Çorum,Alaca,40.15231970000001,34.8460706
Çorum,Bayat / Çorum,40.64450300000001,34.262862
Çorum,Çorum Merkez,40.54992560000001,34.9537242
Çorum,İskilip,40.730648,34.471011
Çorum,Kargı,41.13453,34.487155
Çorum,Mecitözü,40.5205259,35.295288
Çorum,Ortaköy / Çorum,40.2864795,35.2720934
Çorum,Osmancık,40.96895800000001,34.800122
Çorum,Sungurlu,40.163659,34.375229
Çorum,Boğazkale,40.021565,34.609279
Çorum,Uğurludağ,40.445422,34.451614
Çorum,Dodurga,40.8547509,34.7247154
Çorum,Laçin,40.7918748,34.9074794
Çorum,Oğuzlar,40.75429,34.704836
Denizli,Acıpayam,37.426385,29.351143
Denizli,Buldan,38.044206,28.834598
Denizli,Çal,38.083013,29.397279
Denizli,Çameli,37.0127195,29.2785638
Denizli,Çardak,37.825035,29.668323
Denizli,Çivril,38.30212,29.740258
Denizli,Güney,38.155565,29.0227159
Denizli,Kale / Denizli,37.4513734,28.8130675
Denizli,Sarayköy,37.9211149,28.8829816
Denizli,Tavas,37.573068,29.071329
Denizli,Babadağ,37.810661,28.858782
Denizli,Bekilli,38.230167,29.418785
Denizli,Honaz,37.7697758,29.3714909
Denizli,Serinhisar,37.587955,29.266039
Denizli,Pamukkale,37.8980452,29.1855785
Denizli,Baklan,37.976748,29.606909
Denizli,Beyağaç,37.235995,28.897509
Denizli,Bozkurt / Denizli,37.8485785,29.5803605
Denizli,Merkezefendi,37.8057579,29.0227159
Diyarbakır,Bismil,37.850055,40.668688
Diyarbakır,Çermik,38.135092,39.45611900000001
Diyarbakır,Çınar,37.6684688,40.2722022
Diyarbakır,Çüngüş,38.212324,39.288407
Diyarbakır,Dicle,38.373308,40.075578
Diyarbakır,Ergani,38.268035,39.761729
Diyarbakır,Hani,38.4104488,40.3916002
Diyarbakır,Hazro,38.253757,40.780811
Diyarbakır,Kulp,38.5258521,41.14223339999999
Diyarbakır,Lice,38.4639448,40.6665585
Diyarbakır,Silvan,38.141225,41.012807
Diyarbakır,Eğil,38.257912,40.081152
Diyarbakır,Kocaköy,38.2918189,40.50552
Diyarbakır,Bağlar,37.8436421,39.9767002
Diyarbakır,Kayapınar,37.9562513,39.9241654
Diyarbakır,Sur,38.0597606,40.388604
Diyarbakır,Yenişehir / Diyarbakır,38.06599670000001,40.1496708
Edirne,Edirne Merkez,41.67712969999999,26.5557145
Edirne,Enez,40.725024,26.084574
Edirne,Havsa,41.5488659,26.82151
Edirne,İpsala,40.929232,26.393941
Edirne,Keşan,40.858615,26.630041
Edirne,Lalapaşa,41.839142,26.734625
Edirne,Meriç,41.1879544,26.4429944
Edirne,Uzunköprü,41.266979,26.687679
Edirne,Süloğlu,41.767485,26.911693
Elazığ,Ağın,38.9531951,38.6736662
Elazığ,Baskil,38.567829,38.823716
Elazığ,Elazığ Merkez,38.674816,39.22251500000001
Elazığ,Karakoçan,38.95578,40.035946
Elazığ,Keban,38.7817382,38.7789525
Elazığ,Maden,38.391691,39.667596
Elazığ,Palu,38.6639502,40.0025837
Elazığ,Sivrice,38.4132177,39.1508719
Elazığ,Arıcak,38.56351000000001,40.134626
Elazığ,Kovancılar,38.717915,39.866591
Elazığ,Alacakaya,38.461835,39.861713
Erzincan,Çayırlı,39.804236,40.037093
Erzincan,Erzincan Merkez,39.714788,39.46941169999999
Erzincan,İliç,39.456484,38.564713
Erzincan,Kemah,39.687292,39.0610688
Erzincan,Kemaliye,39.262041,38.496896
Erzincan,Refahiye,39.899583,38.768068
Erzincan,Tercan,39.777631,40.383667
Erzincan,Üzümlü,39.6974078,39.8424199
Erzincan,Otlukbeli,39.9736,40.02209999999999
Erzurum,Aşkale,39.920188,40.694704
Erzurum,Çat,39.6120469,40.97758
Erzurum,Hınıs,39.359643,41.709421
Erzurum,Horasan,40.040049,42.16887699999999
Erzurum,İspir,40.484277,41.000392
Erzurum,Karayazı,39.70276,42.14555499999999
Erzurum,Narman,40.343686,41.870196
Erzurum,Oltu,40.545963,41.995634
Erzurum,Olur,40.827808,42.128556
Erzurum,Pasinler,39.977182,41.6680769
Erzurum,Şenkaya,40.5602097,42.3454207
Erzurum,Tekman,39.645445,41.507381
Erzurum,Tortum,40.3972934,41.4772703
Erzurum,Karaçoban,39.350684,42.11274299999999
Erzurum,Uzundere,40.53279,41.54794100000001
Erzurum,Pazaryolu,40.4143029,40.77365899999999
Erzurum,Aziziye,39.94579,41.105188
Erzurum,Köprüköy,39.973599,41.873118
Erzurum,Palandöken,39.8569642,41.3546972
Erzurum,Yakutiye,40.1020751,41.3343181
Eskişehir,Çifteler,39.382,31.0408
Eskişehir,Mahmudiye,39.49437,30.986353
Eskişehir,Mihalıççık,39.865969,31.495346
Eskişehir,Sarıcakaya,40.037399,30.617602
Eskişehir,Seyitgazi,39.445619,30.693912
Eskişehir,Sivrihisar,39.4513,31.5378
Eskişehir,Alpu,39.8131037,31.03351
Eskişehir,Beylikova,39.689399,31.205772
Eskişehir,İnönü,39.75562000000001,30.1358346
Eskişehir,Günyüzü,39.3842,31.81
Eskişehir,Han,39.1793185,30.8269231
Eskişehir,Mihalgazi,40.026226,30.577051
Eskişehir,Odunpazarı,39.64829719999999,30.5739579
Eskişehir,Tepebaşı,39.873146,30.5739579
Gaziantep,Araban,37.42537,37.689557
Gaziantep,İslahiye,37.0253439,36.631112
Gaziantep,Nizip,37.009926,37.796949
Gaziantep,Oğuzeli,36.965343,37.510709
Gaziantep,Yavuzeli,37.318254,37.566833
Gaziantep,Şahinbey,36.9907413,37.2115829
Gaziantep,Şehitkamil,37.203126,37.3399768
Gaziantep,Karkamış,36.8358009,37.9953209
Gaziantep,Nurdağı,37.1759879,36.740587
Giresun,Alucra,40.318174,38.767531
Giresun,Bulancak,40.937513,38.232043
Giresun,Dereli,40.739918,38.44941499999999
Giresun,Espiye,40.949744,38.708485
Giresun,Eynesil,41.06304799999999,39.141031
Giresun,Giresun Merkez,40.8414053,38.3960369
Giresun,Görele,41.033277,39.002071
Giresun,Keşap,40.915626,38.513043
Giresun,Şebinkarahisar,40.28849599999999,38.422166
Giresun,Tirebolu,41.007457,38.814595
Giresun,Piraziz,40.954562,38.119646
Giresun,Yağlıdere,40.8642169,38.62244099999999
Giresun,Çamoluk,40.129453,38.747531
Giresun,Çanakçı,40.917088,39.009745
Giresun,Doğankent,40.810153,38.916161
Giresun,Güce,40.89297699999999,38.80763
Gümüşhane,Gümüşhane Merkez,40.460825,39.480321
Gümüşhane,Kelkit,40.128748,39.432256
Gümüşhane,Şiran,40.189364,39.127806
Gümüşhane,Torul,40.557866,39.293279
Gümüşhane,Köse,40.2248159,39.7384778
Gümüşhane,Kürtün,40.701992,39.085431
Hakkari,Çukurca,37.2937089,43.67118869999999
Hakkari,Hakkari Merkez,37.577427,43.736782
Hakkari,Şemdinli,37.3026048,44.5308935
Hakkari,Yüksekova,37.571716,44.28229899999999
Hatay,Altınözü,36.114395,36.249593
Hatay,Dörtyol,36.84335799999999,36.221565
Hatay,Hassa,36.798635,36.521963
Hatay,İskenderun,36.584673,36.1756161
Hatay,Kırıkhan,36.49673000000001,36.360703
Hatay,Reyhanlı,36.268523,36.567593
Hatay,Samandağ,36.086992,35.968537
Hatay,Yayladağı,35.90297100000001,36.062675
Hatay,Erzin,36.95383899999999,36.205229
Hatay,Belen,36.4514163,36.1545404
Hatay,Kumlu,36.389612,36.5445805
Hatay,Antakya,36.2042794,36.1618938
Hatay,Arsuz,36.4122745,35.890322
Hatay,Defne,36.1643075,36.11108
Hatay,Payas,36.7644279,36.21425869999999
Isparta,Atabey,37.950596,30.640785
Isparta,Eğirdir,37.8740669,30.850889
Isparta,Gelendost,38.120831,31.014774
Isparta,Isparta Merkez,37.7948925,30.6660044
Isparta,Keçiborlu,37.943058,30.30136
Isparta,Senirkent,38.1079409,30.550178
Isparta,Sütçüler,37.5343703,31.03351
Isparta,Şarkikaraağaç,38.079796,31.361791
Isparta,Uluborlu,38.0783289,30.450945
Isparta,Yalvaç,38.299473,31.175805
Isparta,Aksu / Isparta,37.799251,31.069571
Isparta,Gönen / Isparta,37.9588899,30.512323
Isparta,Yenişarbademli,37.705944,31.383282
Mersin,Anamur,36.077286,32.832889
Mersin,Erdemli,36.8710807,34.0641419
Mersin,Gülnar,36.338734,33.399124
Mersin,Mut,36.7941624,33.3486147
Mersin,Silifke,36.37633,33.925311
Mersin,Tarsus,36.9165612,34.8952102
Mersin,Aydıncık / Mersin,36.2306763,33.3037143
Mersin,Bozyazı,36.10543,32.973901
Mersin,Çamlıyayla,37.16653,34.5935879
Mersin,Akdeniz,36.8688237,34.7077665
Mersin,Mezitli,36.8573692,34.3976356
Mersin,Toroslar,37.0356378,34.3754414
Mersin,Yenişehir / Mersin,36.8661859,34.4863567
İstanbul,Adalar,40.8763772,29.095444
İstanbul,Bakırköy,40.9714189,28.82472199999999
İstanbul,Beşiktaş,41.0422066,29.0067037
İstanbul,Beykoz,41.132719,29.10569
İstanbul,Beyoğlu,41.0382864,28.9703304
İstanbul,Çatalca,41.142259,28.457469
İstanbul,Eyüp,41.1871598,28.8829816
İstanbul,Fatih,41.0168639,28.9470422
İstanbul,Gaziosmanpaşa,41.07594770000001,28.90045529999999
İstanbul,Kadıköy,40.9818744,29.0576298
İstanbul,Kartal,40.9184004,29.2204548
İstanbul,Sarıyer,41.1814742,29.0385466
İstanbul,Silivri,41.073678,28.247868
İstanbul,Şile,41.174903,29.609588
İstanbul,Şişli,41.0536216,28.9819731
İstanbul,Üsküdar,41.0189417,29.0576298
İstanbul,Zeytinburnu,40.990635,28.89614
İstanbul,Büyükçekmece,41.024474,28.585453
İstanbul,Kağıthane,41.0814028,28.9819731
İstanbul,Küçükçekmece,41.0212376,28.7780987
İstanbul,Pendik,40.879326,29.258135
İstanbul,Ümraniye,41.03332899999999,29.10136
İstanbul,Bayrampaşa,41.0481503,28.90045529999999
İstanbul,Avcılar,41.01534789999999,28.7314618
İstanbul,Bağcılar,41.0456474,28.82472199999999
İstanbul,Bahçelievler,40.9975,28.850556
İstanbul,Güngören,41.020546,28.874244
İstanbul,Maltepe,40.9498022,29.1739513
İstanbul,Sultanbeyli,40.968423,29.262008
İstanbul,Tuzla,40.8982305,29.3598782
İstanbul,Esenler,41.07941330000001,28.8538545
İstanbul,Arnavutköy,41.2131248,28.7198004
İstanbul,Ataşehir,40.9869642,29.1319157
İstanbul,Başakşehir,41.083333,28.816667
İstanbul,Beylikdüzü,40.9910381,28.6498144
İstanbul,Çekmeköy,41.104235,29.3177272
İstanbul,Esenyurt,41.0412899,28.694058
İstanbul,Sancaktepe,41.0287028,29.2901829
İstanbul,Sultangazi,41.1255794,28.8713314
İzmir,Aliağa,38.799561,26.97074
İzmir,Bayındır,38.2370677,27.5965403
İzmir,Bergama,39.121449,27.179913
İzmir,Bornova,38.470982,27.21769
İzmir,Çeşme,38.3228017,26.3027607
İzmir,Dikili,39.0749,26.889199
İzmir,Foça,38.670378,26.757918
İzmir,Karaburun,38.6382509,26.512738
İzmir,Karşıyaka,38.5183996,27.1382404
İzmir,Kemalpaşa / İzmir,38.42749999999999,27.4188
İzmir,Kınık,39.0859,27.3818
İzmir,Kiraz,38.1994827,28.3461948
İzmir,Menemen,38.613023,27.0323305
İzmir,Ödemiş,38.228296,27.974842
İzmir,Seferihisar,38.19515,26.834402
İzmir,Selçuk,37.950845,27.369954
İzmir,Tire,38.089478,27.731838
İzmir,Torbalı,38.155731,27.364494
İzmir,Urla,38.324972,26.76681
İzmir,Beydağ,38.093727,28.2292712
İzmir,Buca,38.3328141,27.255854
İzmir,Konak,38.4144802,27.1441227
İzmir,Menderes,38.251744,27.132668
İzmir,Balçova,38.3890827,27.0499859
İzmir,Çiğli,38.4950276,26.9970153
İzmir,Gaziemir,38.3172519,27.1617685
İzmir,Narlıdere,38.3777936,26.9970153
İzmir,Güzelbahçe,38.3286355,26.8792553
İzmir,Bayraklı,38.4793887,27.1382404
İzmir,Karabağlar,38.3465505,27.0441009
Kars,Arpaçay,40.846747,43.332095
Kars,Digor,40.3750829,43.41417800000001
Kars,Kağızman,40.140648,43.119118
Kars,Kars Merkez,40.6161599,43.1451679
Kars,Sarıkamış,40.33340099999999,42.59047899999999
Kars,Selim,40.464118,42.790625
Kars,Susuz,40.7796329,43.129804
Kars,Akyaka,40.7508613,43.6468421
Kastamonu,Abana,41.9525708,34.0767099
Kastamonu,Araç,41.2426419,33.328507
Kastamonu,Azdavay,41.642533,33.305719
Kastamonu,Bozkurt / Kastamonu,41.8670996,34.0118901
Kastamonu,Cide,41.83520590000001,32.9888527
Kastamonu,Çatalzeytin,41.951178,34.226706
Kastamonu,Daday,41.47762600000001,33.469228
Kastamonu,Devrekani,41.603891,33.835214
Kastamonu,İnebolu,41.97725,33.759358
Kastamonu,Kastamonu Merkez,41.26497130000001,33.9068162
Kastamonu,Küre,41.8224495,33.6792924
Kastamonu,Taşköprü,41.50994499999999,34.210284
Kastamonu,Tosya,41.0174189,34.0374679
Kastamonu,İhsangazi,41.203849,33.554724
Kastamonu,Pınarbaşı / Kastamonu,41.6661447,33.0349781
Kastamonu,Şenpazar,41.809741,33.231404
Kastamonu,Ağlı,41.68699,33.553815
Kastamonu,Doğanyurt,42.004299,33.460477
Kastamonu,Hanönü,41.625403,34.4632689
Kastamonu,Seydiler,41.619953,33.718521
Kayseri,Bünyan,38.8550619,35.852098
Kayseri,Develi,38.388652,35.492816
Kayseri,Felahiye,39.090096,35.567341
Kayseri,İncesu,38.6092271,35.2587964
Kayseri,Pınarbaşı / Kayseri,38.7205129,36.39502
Kayseri,Sarıoğlan,39.077818,35.966957
Kayseri,Sarız,38.4417624,36.5661908
Kayseri,Tomarza,38.447925,35.799104
Kayseri,Yahyalı,38.099171,35.359159
Kayseri,Yeşilhisar,38.35616,35.085944
Kayseri,Akkışla,39.00236,36.173545
Kayseri,Talas,38.687501,35.555568
Kayseri,Kocasinan,38.8733113,35.3466253
Kayseri,Melikgazi,38.720489,35.48259700000001
Kayseri,Hacılar,38.6459819,35.452556
Kayseri,Özvatan,39.106381,35.6991129
Kırklareli,Babaeski,41.4313239,27.091798
Kırklareli,Demirköy,41.822618,27.762756
Kırklareli,Kırklareli Merkez,41.73988689999999,27.1399808
Kırklareli,Kofçaz,41.94280000000001,27.157148
Kırklareli,Lüleburgaz,41.402742,27.365646
Kırklareli,Pehlivanköy,41.347111,26.924354
Kırklareli,Pınarhisar,41.624271,27.517888
Kırklareli,Vize,41.6111146,27.7827242
Kırşehir,Çiçekdağı,39.5895476,34.32135530000001
Kırşehir,Kaman,39.358937,33.723375
Kırşehir,Kırşehir Merkez,39.146078,34.1594989
Kırşehir,Mucur,39.063535,34.373854
Kırşehir,Akpınar,39.4994766,33.9303991
Kırşehir,Akçakent,39.6438944,34.1037328
Kırşehir,Boztepe,39.270216,34.265841
Kocaeli,Gebze,40.8025157,29.4397941
Kocaeli,Gölcük,40.7167517,29.8194875
Kocaeli,Kandıra,41.070363,30.15239399999999
Kocaeli,Karamürsel,40.691274,29.616418
Kocaeli,Körfez,40.776382,29.737718
Kocaeli,Derince,40.756189,29.830918
Kocaeli,Başiskele,40.6298368,29.950926
Kocaeli,Çayırova,40.824215,29.372234
Kocaeli,Darıca,40.7738633,29.4002978
Kocaeli,Dilovası,40.787622,29.544158
Kocaeli,İzmit,40.7654408,29.9408089
Kocaeli,Kartepe,40.753369,30.023216
Konya,Akşehir,38.360258,31.417991
Konya,Beyşehir,37.679796,31.724299
Konya,Bozkır,37.18891199999999,32.245393
Konya,Cihanbeyli,38.656883,32.923303
Konya,Çumra,37.573899,32.781038
Konya,Doğanhisar,38.145955,31.67675
Konya,Ereğli / Konya,37.512316,34.048806
Konya,Hadim,36.986063,32.455875
Konya,Ilgın,38.2817239,31.91395
Konya,Kadınhanı,38.240871,32.207868
Konya,Karapınar,37.71532,33.54657
Konya,Kulu,39.090245,33.08052800000001
Konya,Sarayönü,38.2646609,32.407075
Konya,Seydişehir,37.41926,31.848216
Konya,Yunak,38.813456,31.735652
Konya,Akören,37.452598,32.371139
Konya,Altınekin,38.308274,32.868888
Konya,Derebucak,37.39108,31.510087
Konya,Hüyük,37.951279,31.599333
Konya,Karatay,37.8232112,32.98883190000001
Konya,Meram,37.7430228,32.2653887
Konya,Selçuklu,38.0160383,32.4920088
Konya,Taşkent,36.9236829,32.493227
Konya,Ahırlı,37.239077,32.120879
Konya,Çeltik,39.023429,31.790552
Konya,Derbent,38.013432,32.015323
Konya,Emirgazi,37.904083,33.83614500000001
Konya,Güneysınır,37.267923,32.72742
Konya,Halkapınar,37.4336429,34.18685500000001
Konya,Tuzlukçu,38.4743769,31.629483
Konya,Yalıhüyük,37.300534,32.085453
Kütahya,Altıntaş,39.057997,30.108556
Kütahya,Domaniç,39.800999,29.612731
Kütahya,Emet,39.344413,29.257899
Kütahya,Gediz,38.990736,29.395705
Kütahya,Kütahya Merkez,39.4199547,29.985732
Kütahya,Simav,39.0896,28.9787
Kütahya,Tavşanlı,39.547,29.4914
Kütahya,Aslanapa,39.1794189,29.8352303
Kütahya,Dumlupınar,38.8552,29.9762
Kütahya,Hisarcık,39.2512429,29.2277226
Kütahya,Şaphane,39.02491,29.220065
Kütahya,Çavdarhisar,39.196872,29.617246
Kütahya,Pazarlar,38.9951999,29.1239
Malatya,Akçadağ,38.344499,37.971138
Malatya,Arapgir,39.0428349,38.488364
Malatya,Arguvan,38.782693,38.264795
Malatya,Darende,38.556664,37.490605
Malatya,Doğanşehir,38.093415,37.878116
Malatya,Hekimhan,38.81652500000001,37.930779
Malatya,Pütürge,38.195926,38.868925
Malatya,Yeşilyurt / Malatya,38.295459,38.247475
Malatya,Battalgazi,38.42502,38.3654439
Malatya,Doğanyol,38.310299,39.037749
Malatya,Kale / Malatya,38.3881344,38.79453710000001
Malatya,Kuluncak,38.8857,37.6703
Malatya,Yazıhan,38.59576,38.180075
Manisa,Akhisar,38.91766399999999,27.83662
Manisa,Alaşehir,38.354458,28.516541
Manisa,Demirci,39.047336,28.658544
Manisa,Gördes,38.933029,28.288668
Manisa,Kırkağaç,39.105359,27.67331
Manisa,Kula,38.543234,28.644585
Manisa,Salihli,38.487074,28.138052
Manisa,Sarıgöl,38.238351,28.696434
Manisa,Saruhanlı,38.734982,27.569818
Manisa,Selendi,38.743988,28.867367
Manisa,Soma,39.185113,27.608792
Manisa,Turgutlu,38.500161,27.70841
Manisa,Ahmetli,38.516381,27.937964
Manisa,Gölmarmara,38.713913,27.918426
Manisa,Köprübaşı / Manisa,38.7944922,28.4396756
Manisa,Şehzadeler,38.6140337,27.4295624
Manisa,Yunusemre,38.7756524,27.3146351
Kahramanmaraş,Afşin,38.243802,36.914722
Kahramanmaraş,Andırın,37.57571799999999,36.349767
Kahramanmaraş,Elbistan,38.206537,37.193076
Kahramanmaraş,Göksun,38.020382,36.494869
Kahramanmaraş,Pazarcık,37.489462,37.293574
Kahramanmaraş,Türkoğlu,37.384751,36.846238
Kahramanmaraş,Çağlayancerit,37.750164,37.293208
Kahramanmaraş,Ekinözü,38.059322,37.188692
Kahramanmaraş,Nurhak,37.9656329,37.44744499999999
Kahramanmaraş,Dulkadiroğlu,37.6452813,37.0400339
Kahramanmaraş,Onikişubat,37.7702293,36.6957216
Mardin,Derik,37.364657,40.267937
Mardin,Kızıltepe,37.1931114,40.5870361
Mardin,Mazıdağı,37.477368,40.486736
Mardin,Midyat,37.41514799999999,41.37343
Mardin,Nusaybin,37.0696439,41.213997
Mardin,Ömerli,37.3971961,40.9273257
Mardin,Savur,37.533928,40.887089
Mardin,Dargeçit,37.5461839,41.720381
Mardin,Yeşilli,37.339608,40.823019
Mardin,Artuklu,37.3481951,40.6974092
Muğla,Bodrum,37.034407,27.43054
Muğla,Datça,36.726217,27.685844
Muğla,Fethiye,36.659246,29.126347
Muğla,Köyceğiz,36.966034,28.688593
Muğla,Marmaris,36.854936,28.270878
Muğla,Milas,37.31163799999999,27.780795
Muğla,Ula,37.102153,28.417756
Muğla,Yatağan,37.3321249,28.0654445
Muğla,Dalaman,36.76662,28.799991
Muğla,Ortaca,36.838723,28.765469
Muğla,Kavaklıdere,37.445382,28.366123
Muğla,Menteşe,37.2351984,28.4396756
Muğla,Seydikemer,36.6473909,29.464359
Muş,Bulanık,39.0965599,42.268057
Muş,Malazgirt,39.146145,42.54096
Muş,Muş Merkez,38.734561,41.491038
Muş,Varto,39.173291,41.455974
Muş,Hasköy,38.684263,41.69077799999999
Muş,Korkut,38.754512,41.9295558
Nevşehir,Avanos,38.71081400000001,34.842081
Nevşehir,Derinkuyu,38.374548,34.733365
Nevşehir,Gülşehir,38.742565,34.619203
Nevşehir,Hacıbektaş,38.942929,34.560854
Nevşehir,Kozaklı,39.214645,34.852522
Nevşehir,Nevşehir Merkez,38.624694,34.714151
Nevşehir,Ürgüp,38.631169,34.912182
Nevşehir,Acıgöl,38.5830528,34.4641848
Niğde,Bor,37.894025,34.561777
Niğde,Çamardı,37.833488,34.985724
Niğde,Niğde Merkez,37.969774,34.676608
Niğde,Ulukışla,37.546546,34.48425599999999
Niğde,Altunhisar,37.997985,34.371215
Niğde,Çiftlik,38.1847195,34.4863567
Ordu,Akkuş,40.791322,37.018275
Ordu,Aybastı,40.6845,37.398835
Ordu,Fatsa,41.031231,37.50036
Ordu,Gölköy,40.687727,37.617582
Ordu,Korgan,40.828582,37.344632
Ordu,Kumru,40.872773,37.261466
Ordu,Mesudiye,40.463307,37.773555
Ordu,Perşembe,41.067089,37.773469
Ordu,Ulubey / Ordu,40.872955,37.758539
Ordu,Ünye,41.12724,37.2886359
Ordu,Gülyalı,40.966824,38.05624
Ordu,Gürgentepe,40.79142,37.6009079
Ordu,Çamaş,40.903471,37.527479
Ordu,Çatalpınar,41.105968,37.2567329
Ordu,Çaybaşı,41.017434,37.098495
Ordu,İkizce,41.059805,37.0800539
Ordu,Kabadüz,40.858726,37.889634
Ordu,Kabataş,40.750665,37.448366
Ordu,Altınordu,40.9051165,37.8788651
Rize,Ardeşen,41.191782,40.989095
Rize,Çamlıhemşin,41.049307,41.00363
Rize,Çayeli,41.090154,40.727535
Rize,Fındıklı,41.2706609,41.140057
Rize,İkizdere,40.775235,40.561951
Rize,Kalkandere,40.928809,40.442398
Rize,Pazar / Rize,41.180662,40.8867649
Rize,Rize Merkez,40.9495849,40.5416487
Rize,Güneysu,40.977728,40.612585
Rize,Derepazarı,41.02398,40.421777
Rize,Hemşin,41.048202,40.8990579
Rize,İyidere,41.0121759,40.360629
Sakarya,Akyazı,40.68348599999999,30.624934
Sakarya,Geyve,40.508635,30.290266
Sakarya,Hendek,40.795053,30.744706
Sakarya,Karasu,41.095615,30.692356
Sakarya,Kaynarca,41.0332999,30.3077
Sakarya,Sapanca,40.68968,30.261428
Sakarya,Kocaali,41.05549999999999,30.8509
Sakarya,Pamukova,40.505684,30.16924
Sakarya,Taraklı,40.3965699,30.492127
Sakarya,Ferizli,40.939182,30.486795
Sakarya,Karapürçek,40.642882,30.540097
Sakarya,Söğütlü,40.9034,30.4717
Sakarya,Adapazarı,40.788855,30.405954
Sakarya,Arifiye,40.695581,30.3666099
Sakarya,Erenler,40.75103900000001,30.414263
Sakarya,Serdivan,40.7828018,30.3204873
Samsun,Alaçam,41.604294,35.59865
Samsun,Bafra,41.561959,35.905686
Samsun,Çarşamba,41.198523,36.721821
Samsun,Havza,41.05797219999999,35.7346994
Samsun,Kavak,41.1268773,35.9746094
Samsun,Ladik,40.912047,35.894825
Samsun,Terme,41.1442425,36.990005
Samsun,Vezirköprü,41.143111,35.460594
Samsun,Asarcık,41.037123,36.234971
Samsun,19.May,41.3224812,36.314875
Samsun,Salıpazarı,41.08229,36.825255
Samsun,Tekkeköy,41.2132689,36.463127
Samsun,Ayvacık / Samsun,40.989607,36.63083
Samsun,Yakakent,41.631232,35.53049
Samsun,Atakum,41.2797031,36.3360667
Samsun,Canik,41.1829124,36.3029134
Samsun,İlkadım,41.2797031,36.3360667
Siirt,Baykan,38.162649,41.785194
Siirt,Eruh,37.75051699999999,42.179877
Siirt,Kurtalan,37.926944,41.702789
Siirt,Pervari,37.932647,42.5476079
Siirt,Siirt Merkez,37.8577473,41.9125914
Siirt,Şirvan,38.0967722,42.1343878
Siirt,Tillo,37.949881,42.011659
Sinop,Ayancık,41.945806,34.588354
Sinop,Boyabat,41.46610500000001,34.77112
Sinop,Durağan,41.416958,35.052086
Sinop,Erfelek,41.880095,34.909527
Sinop,Gerze,41.800599,35.19201
Sinop,Sinop Merkez,41.9507792,35.0262997
Sinop,Türkeli,41.948421,34.336953
Sinop,Dikmen,41.651167,35.263669
Sinop,Saraydüzü,41.328148,34.847222
Sivas,Divriği,39.374885,38.118521
Sivas,Gemerek,39.184872,36.071732
Sivas,Gürün,38.7213489,37.271167
Sivas,Hafik,39.9215109,37.3749249
Sivas,İmranlı,39.875358,38.112501
Sivas,Kangal,39.14490170000001,37.3460453
Sivas,Koyulhisar,40.301538,37.832185
Sivas,Sivas Merkez,39.6896148,37.086224
Sivas,Suşehri,40.163154,38.0915
Sivas,Şarkışla,39.350195,36.40775
Sivas,Yıldızeli,39.866676,36.600396
Sivas,Zara,39.898445,37.757236
Sivas,Akıncılar,40.078944,38.346368
Sivas,Altınyayla / Sivas,39.2512397,36.757988
Sivas,Doğanşar,40.21403400000001,37.537598
Sivas,Gölova,40.061216,38.608678
Sivas,Ulaş,39.444574,37.0410449
Tekirdağ,Çerkezköy,41.28236,28.00059
Tekirdağ,Çorlu,41.155812,27.8137319
Tekirdağ,Hayrabolu,41.21344999999999,27.106783
Tekirdağ,Malkara,40.893756,26.903886
Tekirdağ,Muratlı,41.17261999999999,27.49633
Tekirdağ,Saray / Tekirdağ,41.441086,27.921588
Tekirdağ,Şarköy,40.615159,27.113649
Tekirdağ,Marmaraereğlisi,40.969332,27.95484
Tekirdağ,Ergene,41.3604441,26.9234229
Tekirdağ,Kapaklı,41.32443300000001,27.977359
Tekirdağ,Süleymanpaşa,40.9780919,27.511674
Tokat,Almus,40.376064,36.903535
Tokat,Artova,40.117964,36.301375
Tokat,Erbaa,40.672726,36.57124700000001
Tokat,Niksar,40.590159,36.951185
Tokat,Reşadiye,40.392406,37.336033
Tokat,Tokat Merkez,40.3000971,36.5590413
Tokat,Turhal,40.38615799999999,36.087823
Tokat,Zile,40.301847,35.886722
Tokat,Pazar / Tokat,40.2772549,36.284749
Tokat,Yeşilyurt / Tokat,40.006471,36.220355
Tokat,Başçiftlik,40.546985,37.168195
Tokat,Sulusaray,39.9975049,36.083756
Trabzon,Akçaabat,41.022042,39.570868
Trabzon,Araklı,40.939716,40.055153
Trabzon,Arsin,40.953956,39.93721499999999
Trabzon,Çaykara,40.748484,40.242362
Trabzon,Maçka,40.814221,39.610662
Trabzon,Of,40.8835697,40.2942059
Trabzon,Sürmene,40.911365,40.118758
Trabzon,Tonya,40.886452,39.290813
Trabzon,Vakfıkebir,41.04583299999999,39.279024
Trabzon,Yomra,40.954017,39.8670029
Trabzon,Beşikdüzü,41.05166,39.231253
Trabzon,Şalpazarı,40.941959,39.193033
Trabzon,Çarşıbaşı,41.082178,39.38115
Trabzon,Dernekpazarı,40.799118,40.247766
Trabzon,Düzköy,40.8273571,39.3699641
Trabzon,Hayrat,40.888814,40.367546
Trabzon,Köprübaşı / Trabzon,40.7058727,40.1233821
Trabzon,Ortahisar,40.9562156,39.73504020000001
Tunceli,Çemişgezek,39.062575,38.912372
Tunceli,Hozat,39.108025,39.21867
Tunceli,Mazgirt,39.018544,39.60511200000001
Tunceli,Nazımiye,39.181163,39.828544
Tunceli,Ovacık / Tunceli,39.35704399999999,39.216588
Tunceli,Pertek,38.86777,39.324566
Tunceli,Pülümür,39.4865039,39.895394
Tunceli,Tunceli Merkez,39.1530459,39.5396506
Şanlıurfa,Akçakale,36.71334900000001,38.94844
Şanlıurfa,Birecik,37.02499299999999,37.977476
Şanlıurfa,Bozova,37.3367279,38.3587174
Şanlıurfa,Ceylanpınar,36.853058,40.047398
Şanlıurfa,Halfeti,37.248236,37.868464
Şanlıurfa,Hilvan,37.589047,38.958462
Şanlıurfa,Siverek,37.754104,39.317716
Şanlıurfa,Suruç,36.9751199,38.424287
Şanlıurfa,Viranşehir,37.235867,39.762378
Şanlıurfa,Harran,36.863131,39.024276
Şanlıurfa,Eyyübiye,37.0049484,39.02938839999999
Şanlıurfa,Haliliye,37.75063859999999,39.31249880000001
Şanlıurfa,Karaköprü,37.3214043,38.7786956
Uşak,Banaz,38.73982,29.753174
Uşak,Eşme,38.39988,28.971384
Uşak,Karahallı,38.319945,29.531498
Uşak,Sivaslı,38.499903,29.683864
Uşak,Ulubey / Uşak,38.42166,29.290451
Uşak,Uşak Merkez,38.7226697,29.2785638
Van,Başkale,38.0476,44.0149
Van,Çatak,38.1231651,43.0882212
Van,Erciş,39.0716918,43.37198739999999
Van,Gevaş,38.2978,43.1055
Van,Gürpınar,38.20989369999999,43.5632679
Van,Muradiye,38.994542,43.767263
Van,Özalp,38.7249085,44.0308378
Van,Bahçesaray,38.0768998,42.7720191
Van,Çaldıran,39.1214214,44.0220456
Van,Edremit / Van,38.3984556,43.2364707
Van,Saray / Van,38.4909268,44.1966546
Van,İpekyolu,38.6014262,43.63091
Van,Tuşba,38.4870748,43.3531356
Yozgat,Akdağmadeni,39.6601799,35.882268
Yozgat,Boğazlıyan,39.193667,35.246833
Yozgat,Çayıralan,39.304892,35.644531
Yozgat,Çekerek,40.0710849,35.497509
Yozgat,Sarıkaya,39.5146953,35.4004505
Yozgat,Sorgun,39.7458832,35.2677551
Yozgat,Şefaatli,39.500486,34.758223
Yozgat,Yerköy,39.64161199999999,34.469425
Yozgat,Yozgat Merkez,39.9302773,34.7324106
Yozgat,Aydıncık / Yozgat,40.128571,35.286304
Yozgat,Çandır,39.243376,35.517196
Yozgat,Kadışehri,39.997209,35.791585
Yozgat,Saraykent,39.6927949,35.5100369
Yozgat,Yenifakılı,39.211988,35.00312600000001
Zonguldak,Çaycuma,41.428644,32.077204
Zonguldak,Devrek,41.221412,31.95446699999999
Zonguldak,Ereğli / Zonguldak,41.279909,31.42026
Zonguldak,Zonguldak Merkez,41.36059669999999,31.88780929999999
Zonguldak,Alaplı,41.18269,31.38453
Zonguldak,Gökçebey,41.306044,32.143197
Zonguldak,Kilimli,41.488171,31.866962
Zonguldak,Kozlu,41.43885,31.753981
Aksaray,Aksaray Merkez,38.4391836,33.88577470000001
Aksaray,Ortaköy / Aksaray,38.7366,34.0408
Aksaray,Ağaçören,38.868998,33.9140919
Aksaray,Güzelyurt,38.2775279,34.372635
Aksaray,Sarıyahşi,38.98491,33.844517
Aksaray,Eskil,38.401758,33.412793
Aksaray,Gülağaç,38.394343,34.346139
Bayburt,Bayburt Merkez,40.258699,40.3188515
Bayburt,Aydıntepe,40.38984300000001,40.146774
Bayburt,Demirözü,40.162535,39.892849
Karaman,Ermenek,36.640261,32.892038
Karaman,Karaman Merkez,37.1571887,33.16888830000001
Karaman,Ayrancı,37.233352,33.88577470000001
Karaman,Kazımkarabekir,37.227317,32.958978
Karaman,Başyayla,36.7537049,32.677001
Karaman,Sarıveliler,36.698611,32.617766
Kırıkkale,Delice,39.943687,34.032616
Kırıkkale,Keskin,39.6611041,33.6623301
Kırıkkale,Kırıkkale Merkez,39.8606983,33.5571619
Kırıkkale,Sulakyurt,40.15844999999999,33.718127
Kırıkkale,Bahşili,39.813252,33.471804
Kırıkkale,Balışeyh,39.909775,33.718227
Kırıkkale,Çelebi,39.464667,33.525622
Kırıkkale,Karakeçili,39.5662202,33.3598366
Kırıkkale,Yahşihan,39.848901,33.452353
Batman,Batman Merkez,37.8259651,41.1243068
Batman,Beşiri,37.916208,41.292722
Batman,Gercüş,37.5682959,41.385329
Batman,Kozluk,38.193758,41.488861
Batman,Sason,38.3339822,41.4201364
Batman,Hasankeyf,37.7314705,41.4212096
Şırnak,Beytüşşebap,37.570015,43.16395199999999
Şırnak,Cizre,37.332346,42.185474
Şırnak,İdil,37.3201156,41.7939896
Şırnak,Silopi,37.2487,42.4713
Şırnak,Şırnak Merkez,37.4944487,42.4874875
Şırnak,Uludere,37.393253,42.9631908
Şırnak,Güçlükonak,37.472115,41.912442
Bartın,Bartın Merkez,41.637602,32.333811
Bartın,Kurucaşile,41.843903,32.720692
Bartın,Ulus,41.5637042,32.6364073
Bartın,Amasra,41.7470209,32.385537
Ardahan,Ardahan Merkez,41.0691014,42.7852943
Ardahan,Çıldır,41.1212971,43.2090056
Ardahan,Göle,40.793352,42.6095339
Ardahan,Hanak,41.2381755,42.776759
Ardahan,Posof,41.50959900000001,42.727801
Ardahan,Damal,41.3396169,42.83952
Iğdır,Aralık,39.873902,44.516055
Iğdır,Iğdır Merkez,39.92005959999999,44.0436151
Iğdır,Tuzluca,40.0400149,43.663164
Iğdır,Karakoyunlu,39.970705,44.174382
Yalova,Yalova Merkez,40.6020296,29.2553229
Yalova,Altınova,40.6966449,29.510108
Yalova,Armutlu,40.518842,28.829387
Yalova,Çınarcık,40.645156,29.119241
Yalova,Çiftlikköy,40.662748,29.31534599999999
Yalova,Termal,40.5965507,29.1739513
Karabük,Eflani,41.42313,32.958663
Karabük,Eskipazar,40.9445,32.5322
Karabük,Karabük Merkez,41.1217535,32.5912703
Karabük,Ovacık / Karabük,41.073276,32.917514
Karabük,Safranbolu,41.249306,32.683128
Karabük,Yenice / Karabük,41.2094608,32.3129269
Kilis,Kilis Merkez,36.7507167,37.1044125
Kilis,Elbeyli,36.7002828,37.4467952
Kilis,Musabeyli,36.885897,36.915923
Kilis,Polateli,36.842174,37.143552
Osmaniye,Bahçe,37.196622,36.572594
Osmaniye,Kadirli,37.3740219,36.097423
Osmaniye,Osmaniye Merkez,37.0550295,36.3064595
Osmaniye,Düziçi,37.240179,36.453317
Osmaniye,Hasanbeyli,37.131723,36.552987
Osmaniye,Sumbas,37.4473259,36.027631
Osmaniye,Toprakkale,37.062415,36.145216
Düzce,Akçakoca,41.088181,31.123976
Düzce,Düzce Merkez,40.83872,31.162609
Düzce,Yığılca,40.9602829,31.443039
Düzce,Cumayeri,40.8733379,30.950758
Düzce,Gölyaka,40.77673,30.996406
Düzce,Çilimli,40.893433,31.046865
Düzce,Gümüşova,40.846027,30.939058
Düzce,Kaynaşlı,40.776033,31.303863
